date,rmsle,buoc_du_bao
2017-07-31,0.41907581268328187,1
2017-08-01,0.43281074849313733,2
2017-08-02,0.4085959120208528,3
2017-08-03,0.3926420242945052,4
2017-08-04,0.4125672057098563,5
2017-08-05,0.3752413915897064,6
2017-08-06,0.39655748289785947,7
2017-08-07,0.3977862734738814,8
2017-08-08,0.3961089362744442,9
2017-08-09,0.38458178995591186,10
2017-08-10,0.3922683375490942,11
2017-08-11,0.441734316051382,12
2017-08-12,0.407390825417244,13
2017-08-13,0.40120094076085167,14
2017-08-14,0.3949716117566496,15
2017-08-15,0.37827017503374816,16
