family,rmsle,doanh_so_tb
SCHOOL AND OFFICE SUPPLIES,0.6889045528514667,59.947916666666664
LINGERIE,0.6314995171864743,7.773148148148148
GROCERY II,0.573529114247068,28.971064814814813
CELEBRATION,0.548746580424643,12.462962962962964
HARDWARE,0.5287652356788345,1.4490740740740742
MAGAZINES,0.5285401307028788,7.113425925925926
AUTOMOTIVE,0.5222655057519222,7.385416666666667
"LIQUOR,WINE,BEER",0.5020217705634975,97.32754629629629
SEAFOOD,0.4944893861510277,19.977915534722225
BEAUTY,0.49088698345786463,6.663194444444445
PET SUPPLIES,0.4785825528895162,8.429398148148149
PLAYERS AND ELECTRONICS,0.4785730330667645,11.671296296296296
HOME AND KITCHEN I,0.4753910930476769,31.27314814814815
LADIESWEAR,0.47138295675251995,10.082175925925926
HOME AND KITCHEN II,0.47089878494655,31.005787037037038
LAWN AND GARDEN,0.42683783405261766,14.939814814814815
EGGS,0.31715326442798725,199.68634259259258
CLEANING,0.30299103010743783,1232.920138888889
HOME APPLIANCES,0.294598677394384,0.20023148148148148
FROZEN FOODS,0.28604252636505534,127.33120136226852
PREPARED FOODS,0.28458984428652956,87.81441440046295
BABY CARE,0.27448494659831263,0.18518518518518517
PERSONAL CARE,0.25369275058135954,321.3321759259259
HOME CARE,0.23783008977824535,291.5428240740741
BEVERAGES,0.23327503872860805,3478.480324074074
MEATS,0.22616798160457585,371.60940583680554
POULTRY,0.2224840993861921,374.4910519791666
GROCERY I,0.19647929844752923,4606.958893518518
DELI,0.18929564186350697,303.1283495416667
BREAD/BAKERY,0.17765104459845152,540.272570474537
PRODUCE,0.17493408976570618,2288.7504353703707
DAIRY,0.15300999314610914,834.5300925925926
BOOKS,0.08067468286256624,0.010416666666666666
