dac_trung,do_quan_trong
tb_truot_7_dd,0.36997760704300414
lag_7_dd,0.2593978882955558
lag_14_dd,0.1284330417582954
tb_truot_28_dd,0.11513456733606219
do_lech_chuan_truot_28_dd,0.04591768892058727
family_idx,0.042377907663502475
lag_28_dd,0.02162374621664133
onpromotion,0.006048120754205209
ngay_trong_thang,0.002759523521989028
thang,0.0015369674645255194
tuan_trong_nam,0.0014178330139295332
thu,0.0012845661878795349
la_cuoi_tuan,0.0011992968782806295
gia_dau,0.0007955999028527537
city_idx,0.0007593068493280791
la_ngay_le,0.00047878729092888856
nam,0.0003899221986851154
type_idx,0.00021588685917554786
state_idx,0.00017763257009813547
cluster,6.247171779386911e-05
la_su_kien_dac_biet,1.1637556679524303e-05
