thang,tong_doanh_so,so_dong
2016-12,29640287.579385124,53460
2015-12,27243981.673773743,53460
2017-07,27011477.565830734,55242
2017-05,26911847.25059308,55242
2017-03,26704017.69087924,55242
2017-01,26328159.93570511,55242
2016-04,25963025.10196222,53460
2017-04,25895308.48955503,53460
2017-06,25682822.12499351,53460
2016-05,24779432.260227688,55242
2016-11,24642640.19739342,53460
2014-12,24340454.363830283,53460
2016-10,24030389.816291966,55242
2016-01,23977804.88543414,55242
2015-10,23878267.664562136,55242
2016-07,23462672.433103647,55242
2017-02,23250112.374936752,49896
2015-09,23240882.477911264,53460
2016-03,23131780.883819968,55242
2015-08,22963674.241281494,55242
2015-11,22804953.36821121,53460
2016-08,22452414.31789489,55242
2016-09,22417448.096996732,53460
2015-07,22209619.038738985,55242
2016-06,22209218.580383547,53460
2016-02,21947408.801002808,51678
2015-06,21615360.351242103,53460
2014-11,20531635.20364316,53460
2014-10,20396101.314177033,55242
2014-03,20365584.016477007,55242
2014-09,20022416.113809567,53460
2014-07,19421891.043822378,55242
2014-01,18911640.701403454,55242
2015-05,17730368.244308926,55242
2013-12,15803117.147974588,53460
2015-03,15598607.518355342,55242
2015-04,14955068.170775514,53460
2015-01,14896922.057198498,55242
2014-08,13885176.419054175,55242
2015-02,13742395.848381186,49896
2014-05,13379785.26119752,55242
2014-06,13319958.173001548,53460
2014-04,12861251.057149397,53460
2017-08,12433322.940777527,26730
2013-11,12356559.292986091,53460
2014-02,12038352.633978248,49896
2013-09,11792933.231867874,53460
2013-10,11775620.3605191,55242
2013-08,11737788.919472706,55242
2013-06,11689344.062243588,53460
2013-05,11597704.007026782,55242
2013-03,11428497.037487496,55242
2013-07,11257400.607680812,55242
2013-04,10993464.73801179,53460
2013-01,10327624.736909438,55242
2013-02,9658959.777436825,49896
