cua_hang,tong_doanh_so,so_dong
44,62087553.25008898,55572
45,54498010.416673996,55572
47,50948310.06100601,55572
3,50481910.18508198,55572
49,43420095.783768006,55572
46,41896062.121634215,55572
48,35933130.2739365,55572
51,32911489.537604015,55572
8,30494286.928014994,55572
50,28653020.6246953,55572
11,28325558.481396005,55572
7,26952049.582971003,55572
9,26409441.064793494,55572
6,25183679.997054007,55572
24,23767732.701713003,55572
2,21557388.644564204,55572
39,20252192.53354,55572
37,19970635.6144784,55572
27,19188021.3815342,55572
4,18909700.380001,55572
38,18859999.2605296,55572
40,18395757.405968007,55572
28,18383154.8339259,55572
17,18030969.250161,55572
31,17746872.701507006,55572
34,17090734.159149997,55572
43,16391692.211909596,55572
5,15592404.572353201,55572
36,15322431.096578,55572
41,14991039.138584398,55572
33,14178501.293449,55572
1,14145012.869654102,55572
18,13259375.689904293,55572
19,13049509.836733004,55572
20,12920954.592832098,55572
23,11651380.674908703,55572
15,11451270.022648003,55572
25,11420997.872574497,55572
14,11387918.748218004,55572
53,11216167.282683095,55572
54,11057483.117904898,55572
16,10986412.554749196,55572
12,10659217.957236,55572
13,10523045.817939999,55572
29,9725157.696084,55572
10,9613905.735862996,55572
21,9255505.910210008,55572
42,8945767.885162704,55572
26,7755121.891864799,55572
35,7676679.4216696,55572
30,7382073.663963,55572
32,5951795.997551501,55572
22,4090201.7408,55572
52,2696169.7332490003,55572
